label;HI1;HI3;HI5;HI7;HI9;HI11
Kipas;98.46;2.85;1.67;3.19;2.27;2.26
Kipas;98.75;6.5;1.33;3.66;2.22;0.82
Kipas;99.16;6.1;2.99;4.37;0.81;3.2
Kipas;99.2;4.85;3.84;3.14;1.83;1.92
Kipas;99.44;4.34;1.54;4.34;2.5;0.72
Kipas;99.84;4.76;1.72;1.19;0.79;0.45
Kipas;99.71;4.17;1.25;1.64;1.41;1.77
Kipas;99.77;4.13;2.1;2.83;0.41;1.52
Kipas;99.48;7.46;3.84;1.67;1.22;1.75
Kipas;99.52;5.75;0.98;1.32;1.39;2.4
Kosong;0;0;0;0;0;0
Kosong;0;0;0;0;0;0
Kosong;0;0;0;0;0;0
Kosong;0;0;0;0;0;0
Kosong;0;0;0;0;0;0
Kosong;0;0;0;0;0;0
Kosong;0;0;0;0;0;0
Kipas;0;0;0;0;0;0
Kipas;99.49;6.75;3.28;4.46;2.51;1.35
Kipas;99.2;7.5;5.69;4.16;1.92;3.06
Kipas;99.59;6.16;3.77;2.1;3.27;1.3
Kipas;98.24;9.04;2.2;2.58;1.53;2.76
Kipas;98.65;10.49;4.27;4.45;1.42;1.75
Kipas;99.35;6.26;2.33;3.77;3.21;2.01
Kipas;99.21;7.01;4.1;2.55;2.54;2.15
Kipas;98.32;6.19;5.21;5.43;0.97;4.36
Kipas;99.47;7.08;5.49;3.61;1.18;2.01
Kipas;99.45;6.66;3.6;1.82;2.07;2.07
Kipas;98.09;8.18;3.63;3.29;2.32;5.41
Kipas;97.65;9.39;3.77;8.98;2.29;0.41
Kipas;97.3;6.44;6.36;7.95;7.4;4.65
Kosong;0;0;0;0;0;0
Kosong;0;0;0;0;0;0
Kosong;0;0;0;0;0;0
Kosong;0;0;0;0;0;0
Kipas;0;0;0;0;0;0
Kipas;97.81;8.95;7.48;3.58;4.95;4.44
Kipas;98.09;9.12;4.18;4.77;4.16;1.84
Kipas;98.97;9.37;4.72;2.96;4.42;2.63
Kipas;98.36;7.37;2.57;2.75;3.92;2.99
Kipas;98.46;4.84;2.57;4.03;2.26;1.01
Kipas;99.15;8.05;5.4;2.57;1.41;1.22
Kosong;0;0;0;0;0;0
Kosong;0;0;0;0;0;0
Kosong;0;0;0;0;0;0
Kosong;0;0;0;0;0;0
Kosong;0;0;0;0;0;0
Kipas;0;0;0;0;0;0
Kipas;99.4;6.71;3.41;2.64;2.14;1.1
Kipas;97.56;5.84;0.94;7.28;0.94;2.35
Kipas;99.17;8.08;4.66;3.01;3.65;1.67
Kipas;98.94;7.14;2.37;6.09;3.21;1.99
Kipas;94.34;19.21;15.23;10.3;4.34;6.69
Kosong;0;0;0;0;0;0
Kosong;0;0;0;0;0;0
Kosong;0;0;0;0;0;0
Kosong;0;0;0;0;0;0
Kipas;0;0;0;0;0;0
Kipas;99.44;6.45;3.06;3.35;3.47;2.19
Kipas;98.31;10.7;5.08;3.94;2.65;0.86
Kipas;99.43;7.75;3.16;2.57;3.12;1.26
Kipas;99.2;7.58;6.41;3.56;2.46;1.37
Kipas;98.34;9.18;3.1;3.04;1.5;0.35
Kipas;99.45;6.81;4.8;3.31;2.79;2.02
Kipas;0;0;0;0;0;0
Kipas;0;0;0;0;0;0
Kipas;0;0;0;0;0;0
Kosong;0;0;0;0;0;0
Kosong;0;0;0;0;0;0
Kosong;0;0;0;0;0;0
Kosong;0;0;0;0;0;0
Pemanas Air;0;0;0;0;0;0
Pemanas Air;99.89;3.94;1.32;1.27;1.4;0.76
Pemanas Air;99.89;3.77;1.28;1.36;1.25;0.72
Pemanas Air;99.88;3.67;1.24;1.53;1.24;0.75
Pemanas Air;99.89;3.93;1.41;1.11;1.21;0.75
Pemanas Air;99.86;4.3;1.72;0.95;1.38;1.03
Kosong;0;0;0;0;0;0
Kosong;0;0;0;0;0;0
Kosong;0;0;0;0;0;0
Kosong;0;0;0;0;0;0
Pemanas Air;99.89;4.04;1.27;1.17;1.1;0.64
Pemanas Air;99.89;4.02;1.39;1.1;1.26;0.71
Pemanas Air;99.9;3.58;1.31;1.34;1.35;0.75
Pemanas Air;99.89;4.12;1.33;1.12;1.13;0.6
Pemanas Air;99.89;3.97;1.42;1.16;1.2;0.65
Kosong;0;0;0;0;0;0
Kosong;0;0;0;0;0;0
Kosong;0;0;0;0;0;0
Pemanas Air;0;0;0;0;0;0.85
Pemanas Air;99.89;4.02;1.26;1.04;1.14;0.47
Pemanas Air;99.89;4.04;1.38;1.24;1.21;0.45
Pemanas Air;53.71;7.95;8.23;16.06;0;0
Kosong;0;0;0;0;0;0
Kosong;0;0;0;0;0;0
Kosong;0;0;0;0;0;0
Kosong;0;0;0;0;0;0
Pemanas Air;0;0;0;0;0;0
Pemanas Air;99.88;4.06;1.55;1.19;1.21;0.63
Pemanas Air;99.89;3.98;1.27;1.4;1.24;0.57
Pemanas Air;99.9;3.82;1.27;1.19;1.32;0.73
Kosong;0;0;0;0;0;0
Kosong;0;0;0;0;0;0
Kosong;0;0;0;0;0;0
Pemanas Air;0;0;0;0;0;0
Pemanas Air;99.88;3.86;1.36;1.1;1.35;0.58
Pemanas Air;99.88;4.25;1.43;1.2;1.18;0.6
Pemanas Air;99.89;4.14;1.28;1.06;1.25;0.63
Pemanas Air;99.89;3.99;1.43;0.99;1.2;0.83
Kosong;0;0;0;0;0;0
Kosong;0;0;0;0;0;0
Kosong;0;0;0;0;0;0
Kosong;0;0;0;0;0;0
Kosong;0;0;0;0;0;0
Kosong;0;0;0;0;0;0
Kosong;0;0;0;0;0;0
Kosong;0;0;0;0;0;0
Kosong;0;0;0;0;0;0
Kosong;0;0;0;0;0;0
Kosong;0;0;0;0;0;0
Kosong;0;0;0;0;0;0
Blender;99.34;10.09;2.67;2.65;0.77;1.01
Blender;99.46;9.51;2.79;2.59;1.14;0
Blender;99.18;9.95;4.53;3.89;0.9;1.7
Blender;99.39;9.72;2.71;2.43;0.96;1.52
Kosong;0;0;0;0;0;0
Kosong;0;0;0;0;0;0
Kosong;0;0;0;0;0;0
Kosong;0;0;0;0;0;0
Blender;99.4;8.9;3.1;2.09;0.95;1.29
Blender;99.46;8.48;3.09;2.41;0.69;1.81
Blender;99.32;8.15;4.18;2.46;1.65;1.58
Blender;99.43;9.07;1.82;1.74;0.32;1.15
Kosong;0;0;0;0;0;0
Kosong;0;0;0;0;0;0
Kosong;0;0;0;0;0;0
Kosong;0;0;0;0;0;0
Blender;0;0;0;0;0;0
Blender;99.54;8.87;2.63;1.81;0.56;1.14
Blender;99.55;7.92;2.21;2.07;0.6;1.04
Blender;99.55;8.5;2.13;2.19;1.4;1
Blender;99.49;8.78;3.1;2.22;1.41;1.03
Blender;99.41;9.42;2.94;0.95;1.92;1.55
Kosong;0;0;0;0;0;0
Kosong;0;0;0;0;0;0
Kosong;0;0;0;0;0;0
Kosong;0;0;0;0;0;0
Kosong;0;0;0;0;0;0
Kosong;0;0;0;0;0;0
Blender;99.38;9.03;2.65;3.01;1.31;1.13
Blender;99.4;8.72;3.18;2.51;1.7;1.98
Blender;99.58;8.06;2.94;1.96;1.3;0.99
Blender;99.53;8.51;2.91;2.11;1.63;1.27
Blender;99.55;8.39;2.99;2.11;1.2;1.29
Kosong;0;0;0;0;0;0
Kosong;0;0;0;0;0;0
Kosong;0;0;0;0;0;0
Kosong;0;0;0;0;0;0
Blender;99.53;8.59;2.88;2.24;1.48;0.65
Blender;99.58;7.71;2.58;2.92;0.7;1.21
Blender;99.38;9.38;3.17;2.45;0.64;1.76
Blender;99.5;8.16;3.15;2.31;1.22;0.48
Blender;99.36;9.21;2.46;2.57;1.58;1.26
Kosong;0;0;0;0;0;0
Kosong;0;0;0;0;0;0
Kosong;0;0;0;0;0;0
Kosong;0;0;0;0;0;0
Kosong;0;0;0;0;0;0
Kosong;0;0;0;0;0;0
Kosong;0;0;0;0;0;0
Kosong;0;0;0;0;0;0
Kosong;0;0;0;0;0;0
Kosong;0;0;0;0;0;0
Kosong;0;0;0;0;0;0
Hairdryer;99.89;3.19;1.79;0.75;1.64;0.68
Hairdryer;99.9;3.26;2.22;0.62;1.25;1.03
Hairdryer;99.89;3.18;2.27;0.87;1.61;0.74
Hairdryer;99.91;2.94;2.04;0.77;1.43;0.63
Hairdryer;99.9;3.07;1.71;1.13;0.84;0
Hairdryer;99.86;2.75;2.07;1.25;1.84;0.96
Hairdryer;35.59;21.98;16.41;0;0;0
Kosong;0;0;0;0;0;0
Kosong;0;0;0;0;0;0
Kosong;0;0;0;0;0;0
Hairdryer;0;0;0;0;0;0
Hairdryer;99.86;3.61;2.07;1.22;0.84;0.89
Hairdryer;99.88;3.28;1.98;0.89;1.12;0
Hairdryer;99.9;3.1;2.13;1.06;0.96;0.98
Hairdryer;99.91;2.79;2.33;0.81;1.4;0.71
Kosong;0;0;0;0;0;0
Kosong;0;0;0;0;0;0
Kosong;0;0;0;0;0;0
Kosong;0;0;0;0;0;0
Kosong;0;0;0;0;0;0
Hairdryer;99.87;3.32;2.05;1.44;1.38;0.5
Hairdryer;99.91;2.94;2.2;0.93;1.39;0.75
Hairdryer;99.86;3.02;2.22;0.87;1.85;0
Hairdryer;99.9;3.22;1.97;1.01;1.6;0.64
Kosong;0;0;0;0;0;0
Kosong;0;0;0;0;0;0
Kosong;0;0;0;0;0;0
Kosong;0;0;0;0;0;0
Hairdryer;0;0;0;0;0;0
Hairdryer;99.88;2.96;2.17;1.22;1.68;0.37
Hairdryer;99.9;3.02;2.17;1.08;0.37;0.43
Hairdryer;99.91;3.15;1.97;1.17;0.76;0.34
Hairdryer;99.9;3;2.45;0.84;1.14;0.65
Kosong;0;0;0;0;0;0
Kosong;0;0;0;0;0;0
Hairdryer;0;0;0;0;0;0
Hairdryer;0;0;0;0;0;0
Hairdryer;99.9;2.7;1.69;0.55;1.73;0.92
Hairdryer;99.89;2.54;1.8;1.58;1.14;0.37
Hairdryer;99.86;2.5;1.77;1.15;1.02;0.94
Kosong;0;0;0;0;0;0
Kosong;0;0;0;0;0;0
Kosong;0;0;0;0;0;0
Kosong;0;0;0;0;0;0
Kosong;0;0;0;0;0;0
Kosong;0;0;0;0;0;0
Kosong;0;0;0;0;0;0
Kosong;0;0;0;0;0;0
Kosong;0;0;0;0;0;0
Kosong;0;0;0;0;0;0
HairdryerBlender;99.81;5.02;2.3;1.63;1.13;0.82
HairdryerBlender;99.84;4.72;2.49;1.33;0.89;0.34
HairdryerBlender;99.8;4.94;2.55;1.42;1.39;0.41
HairdryerBlender;99.83;4.48;2.65;1.73;0.86;0.56
Kosong;0;0;0;0;0;0
Kosong;0;0;0;0;0;0
Kosong;0;0;0;0;0;0
Kosong;0;0;0;0;0;0
HairdryerBlender;99.38;9.43;2.37;2.37;2.52;1.02
HairdryerBlender;99.83;4.79;2.14;0.74;0.53;0.63
HairdryerBlender;99.83;4.49;2.27;1.61;0.91;0.4
HairdryerBlender;99.85;4.43;2.22;1.08;0.79;0.61
HairdryerBlender;99.84;4.3;2.28;1.47;1.19;0.71
Kosong;0;0;0;0;0;0
Kosong;0;0;0;0;0;0
Kosong;0;0;0;0;0;0
Kosong;0;0;0;0;0;0
Kosong;0;0;0;0;0;0
HairdryerBlender;99.79;5.16;2.42;0.41;0.67;0.36
HairdryerBlender;99.83;4.65;2.28;0.82;0.73;0.64
HairdryerBlender;99.83;4.36;2.89;0.96;1.47;0
HairdryerBlender;99.8;4.39;2.4;1.84;1.58;1.37
HairdryerBlender;99.82;4.72;2.67;1.08;0.84;0.78
Kosong;0;0;0;0;0;0
Kosong;0;0;0;0;0;0
Kosong;0;0;0;0;0;0
Kosong;0;0;0;0;0;0
HairdryerBlender;99.83;4.39;2.38;1.86;1.23;0.7
HairdryerBlender;99.81;3.96;1.86;1.3;1.01;0.34
HairdryerBlender;99.84;4.27;2.3;1.24;1.45;0.66
HairdryerBlender;99.81;4.52;2.61;1.3;1.33;1.11
HairdryerBlender;99.83;4.22;2.76;1.52;1.3;0.59
Kosong;0;0;0;0;0;0
Kosong;0;0;0;0;0;0
Kosong;0;0;0;0;0;0
HairdryerBlender;0;0;0;0;0;0
HairdryerBlender;99.8;5.01;2.45;1.27;1.5;1.66
HairdryerBlender;99.85;4.5;2.34;0.59;0.69;0.65
HairdryerBlender;99.84;4.55;2.47;0.91;1.2;0
HairdryerBlender;99.81;4.72;2.14;1.73;1.02;1.76
HairdryerBlender;99.82;4.59;2.7;1.14;1.28;0
Kosong;0;0;0;0;0;0
Kosong;0;0;0;0;0;0
Kosong;0;0;0;0;0;0
Kosong;0;0;0;0;0;0
Kosong;0;0;0;0;0;0
Kosong;0;0;0;0;0;0
Kosong;0;0;0;0;0;0
Kosong;0;0;0;0;0;0
Kosong;0;0;0;0;0;0
Kosong;0;0;0;0;0;0
Kosong;0;0;0;0;0;0
HairdryerKipas;99.79;4.59;2.75;1.62;1.76;2.17
HairdryerKipas;99.82;4.43;2.6;1.28;1.82;1.1
HairdryerKipas;99.82;4.21;2.82;1.36;1.22;0.41
HairdryerKipas;99.8;4.38;2.67;1.89;1.73;0.72
Kosong;0;0;0;0;0;0
Kosong;0;0;0;0;0;0
Kosong;0;0;0;0;0;0
Kosong;0;0;0;0;0;0
HairdryerKipas;0;0;0;0;0;0
HairdryerKipas;99.82;4.08;2.74;1.86;1.6;1.01
HairdryerKipas;99.81;4.22;2.76;1.62;1.3;0.34
HairdryerKipas;99.87;3.38;2.33;1.6;1.5;0
Kosong;0;0;0;0;0;0
Kosong;0;0;0;0;0;0
Kosong;0;0;0;0;0;0
Kosong;0;0;0;0;0;0
HairdryerKipas;99.86;3.8;2.41;1.59;1.56;0.63
HairdryerKipas;99.83;3.67;2.3;1.5;1.71;1.27
HairdryerKipas;99.81;4.37;2.53;1.55;1.28;0.46
HairdryerKipas;99.82;4.31;2.38;1.43;1.63;0.69
HairdryerKipas;99.85;3.93;2.46;1.4;1.42;0.73
Kosong;0;0;0;0;0;0
Kosong;0;0;0;0;0;0
Kosong;0;0;0;0;0;0
Kosong;0;0;0;0;0;0
Kosong;0;0;0;0;0;0
Kosong;0;0;0;0;0;0
Kosong;0;0;0;0;0;0
Kosong;0;0;0;0;0;0
Kosong;0;0;0;0;0;0
HairdryerKipas;99.84;3.74;2.93;0.95;1.61;0.53
HairdryerKipas;99.83;3.6;2.42;1.6;1.28;0.7
HairdryerKipas;99.81;3.99;2.9;1.75;1.09;1.38
HairdryerKipas;99.85;4.1;2.5;1.24;1.57;0.37
HairdryerKipas;99.85;4.15;2.32;0.91;1.21;0.47
Kosong;0;0;0;0;0;0
Kosong;0;0;0;0;0;0
Kosong;0;0;0;0;0;0
Kosong;0;0;0;0;0;0
HairdryerKipas;99.82;4.47;2.7;1.33;0.99;0.75
HairdryerKipas;99.84;4.16;2.51;0.65;1.67;0.65
HairdryerKipas;99.84;4.2;2.9;1.35;1.37;0.32
HairdryerKipas;99.85;4.18;2.62;0.97;1.23;0.71
HairdryerKipas;99.87;4.01;2.33;1.17;1.32;0.46
Kosong;0;0;0;0;0;0
Kosong;0;0;0;0;0;0
Kosong;0;0;0;0;0;0
Kosong;0;0;0;0;0;0
Kosong;0;0;0;0;0;0
Kosong;0;0;0;0;0;0
Kosong;0;0;0;0;0;0
Kosong;0;0;0;0;0;0
Kosong;0;0;0;0;0;0
Kosong;0;0;0;0;0;0
HairdryerPemanas Air;0;0;0;0;0;0
HairdryerPemanas Air;99.88;3.98;1.72;1.12;1.35;0.57
HairdryerPemanas Air;99.87;3.96;2;1.1;1.47;0.78
HairdryerPemanas Air;99.89;3.02;2.82;0.88;1.51;0.83
Kosong;0;0;0;0;0;0
Kosong;0;0;0;0;0;0
Kosong;0;0;0;0;0;0
Kosong;0;0;0;0;0;0
HairdryerPemanas Air;99.9;3.65;1.8;1.06;1.3;0.72
HairdryerPemanas Air;99.89;3.73;1.83;1;1.26;0.57
HairdryerPemanas Air;99.9;3.63;1.83;0.98;1.22;0.71
HairdryerPemanas Air;99.9;3.58;1.76;0.97;1.24;0.71
HairdryerPemanas Air;99.9;3.7;1.79;1.05;1.24;0.6
Kosong;0;0;0;0;0;0
Kosong;0;0;0;0;0;0
Kosong;0;0;0;0;0;0
Kosong;0;0;0;0;0;0
HairdryerPemanas Air;99.89;3.62;1.88;1.06;1.35;0.73
HairdryerPemanas Air;99.9;3.51;1.63;1.15;1.19;0.79
HairdryerPemanas Air;99.9;3.57;1.8;1.04;1.27;0.59
HairdryerPemanas Air;99.89;3.54;1.91;1.17;1.33;0.93
HairdryerPemanas Air;99.9;3.64;1.81;1.07;1.2;12.57
Kosong;0;0;0;0;0;0
Kosong;0;0;0;0;0;0
Kosong;0;0;0;0;0;0
Kosong;0;0;0;0;0;0
HairdryerPemanas Air;0;0;0;0;0;0
HairdryerPemanas Air;99.9;3.67;1.78;1.07;1.29;0.61
HairdryerPemanas Air;99.9;3.61;1.81;1.02;1.17;0.65
HairdryerPemanas Air;99.9;3.68;1.82;0.98;1.25;0.77
HairdryerPemanas Air;99.9;3.72;1.79;1;1.22;0.64
Kosong;0;0;0;0;0;0
Kosong;0;0;0;0;0;0
Kosong;0;0;0;0;0;0
HairdryerPemanas Air;0;0;0;0;0;0
HairdryerPemanas Air;99.89;3.65;2.01;1.12;1.44;0.76
HairdryerPemanas Air;99.89;3.75;1.71;0.97;1.39;0.61
HairdryerPemanas Air;99.9;3.68;1.83;1.03;1.28;0.69
HairdryerPemanas Air;99.9;3.57;1.8;1.02;1.19;0.66
HairdryerPemanas Air;99.88;3.92;1.74;1.18;1.26;0.68
Kosong;0;0;0;0;0;0
Kosong;0;0;0;0;0;0
Kosong;0;0;0;0;0;0
Kosong;0;0;0;0;0;0
Kosong;0;0;0;0;0;0
Kosong;0;0;0;0;0;0
Kosong;0;0;0;0;0;0
Kosong;0;0;0;0;0;0
Kosong;0;0;0;0;0;0
Kosong;0;0;0;0;0;0
Kosong;0;0;0;0;0;0
Kosong;0;0;0;0;0;0
BlenderPemanas Air;99.89;3.84;1.79;1.27;1.04;0.55
BlenderPemanas Air;99.89;3.74;1.69;1.16;1.34;0.56
BlenderPemanas Air;99.89;3.72;1.82;1.21;0.98;0.38
BlenderPemanas Air;0;0;0;0;0;0
Kosong;0;0;0;0;0;0
Kosong;0;0;0;0;0;0
Kosong;0;0;0;0;0;0
Kosong;0;0;0;0;0;0
BlenderPemanas Air;0;0;0;0;0;0
BlenderPemanas Air;99.9;3.61;1.96;1.05;1.22;0.42
BlenderPemanas Air;99.89;3.62;1.64;1.25;1.17;1
BlenderPemanas Air;99.9;3.72;1.72;1.14;1.22;0.5
Kosong;0;0;0;0;0;0
Kosong;0;0;0;0;0;0
Kosong;0;0;0;0;0;0
Kosong;0;0;0;0;0;0
Kosong;0;0;0;0;0;0
BlenderPemanas Air;99.9;3.83;1.82;0.98;0.84;0.42
BlenderPemanas Air;99.89;3.79;1.82;1.01;1.02;0.56
BlenderPemanas Air;99.9;3.6;1.75;1.09;1.07;0.68
BlenderPemanas Air;99.89;3.64;1.8;1.1;1.27;0.61
BlenderPemanas Air;99.68;5.91;2.44;1.86;1.11;1.01
Kosong;0;0;0;0;0;0
Kosong;0;0;0;0;0;0
Kosong;0;0;0;0;0;0
Kosong;0;0;0;0;0;0
BlenderPemanas Air;99.9;3.8;1.71;0.98;1;0.35
BlenderPemanas Air;99.89;3.89;1.75;1.06;0.94;0.35
BlenderPemanas Air;99.9;3.61;1.85;0.99;1.27;0
BlenderPemanas Air;99.9;3.56;1.8;1.07;1.22;0.44
Kosong;0;0;0;0;0;0
Kosong;0;0;0;0;0;0
Kosong;0;0;0;0;0;0
Kosong;0;0;0;0;0;0
BlenderPemanas Air;99.9;3.64;1.76;1.09;1.32;0.37
BlenderPemanas Air;99.89;3.57;1.76;1.2;1.41;0.46
BlenderPemanas Air;99.9;3.62;1.89;1.02;1.23;0.32
BlenderPemanas Air;99.88;3.79;1.95;1.21;1.43;0.87
Kosong;0;0;0;0;0;0
Kosong;0;0;0;0;0;0
Kosong;0;0;0;0;0;0
Kosong;0;0;0;0;0;0
Kosong;0;0;0;0;0;0
Kosong;0;0;0;0;0;0
Kosong;0;0;0;0;0;0
Kosong;0;0;0;0;0;0
Kosong;0;0;0;0;0;0
Kosong;0;0;0;0;0;0
BlenderKipas;0;0;0;0;0;0
BlenderKipas;99.46;8.23;2.86;2.91;0.93;1.5
BlenderKipas;99.49;7.79;2.87;2.97;1.28;1.27
BlenderKipas;99.58;7.73;3.27;2.75;1.19;0.48
Kosong;0;0;0;0;0;0
Kosong;0;0;0;0;0;0
Kosong;0;0;0;0;0;0
Kosong;0;0;0;0;0;0
Kosong;0;0;0;0;0;0
Kosong;0;0;0;0;0;0
BlenderKipas;99.57;7.39;3.74;2.55;1.2;0.77
BlenderKipas;99.54;7.64;3.79;2.7;1.99;0.53
BlenderKipas;99.56;7.57;3.32;1.64;0.95;1.27
BlenderKipas;99.5;8.27;3.19;1.22;1.03;1.4
BlenderKipas;99.51;8.06;2.98;2.49;1.43;1.39
BlenderKipas;99.55;7.46;3.61;1.56;2.75;1.01
BlenderKipas;99.45;8.1;2.5;2.83;1.39;1.29
BlenderKipas;99.52;7.16;2.93;3.12;1.45;0.36
BlenderKipas;99.51;7.35;3.77;2.42;1.96;1.14
Kosong;0;0;0;0;0;0
Kosong;0;0;0;0;0;0
Kosong;0;0;0;0;0;0
Kosong;0;0;0;0;0;0
BlenderKipas;0;0;0;0;0;0
BlenderKipas;99.65;7.03;3.29;2.17;1.44;0.64
BlenderKipas;99.49;7.38;2.97;3.36;1.16;1.62
BlenderKipas;99.49;7.73;2.7;3.15;1.66;0.36
BlenderKipas;99.63;7.33;3.25;2.09;1.29;1.22
BlenderKipas;99.6;6.77;3.2;2.48;2.25;0.71
Kosong;0;0;0;0;0;0
Kosong;0;0;0;0;0;0
Kosong;0;0;0;0;0;0
BlenderKipas;0;0;0;0;0;0
BlenderKipas;99.63;7.3;3.35;2.08;1.24;0.88
BlenderKipas;99.61;7.26;3.77;2.03;1.02;1.28
BlenderKipas;99.59;7.63;3.54;2.31;1.53;1.09
BlenderKipas;99.56;7.75;4.05;1.97;2.06;0.75
Kosong;0;0;0;0;0;0
Kosong;0;0;0;0;0;0
Kosong;0;0;0;0;0;0
Kosong;0;0;0;0;0;0
BlenderKipas;0;0;0;0;0;0
BlenderKipas;99.64;6.9;2.93;1.72;1.64;0.95
BlenderKipas;99.49;7.99;2.58;3.1;1.04;0.91
BlenderKipas;99.59;7.62;3.43;1.92;1.74;1.41
Kosong;0;0;0;0;0;0
Kosong;0;0;0;0;0;0
Kosong;0;0;0;0;0;0
Kosong;0;0;0;0;0;0
Kosong;0;0;0;0;0;0
Kosong;0;0;0;0;0;0
Kosong;0;0;0;0;0;0
Kosong;0;0;0;0;0;0
Kosong;0;0;0;0;0;0
Kosong;0;0;0;0;0;0
Kosong;0;0;0;0;0;0
Pemanas AirKipas;0;0;0;0;0;0
Pemanas AirKipas;99.86;4.51;1.7;1.07;1.19;0.63
Pemanas AirKipas;99.86;4.5;1.76;1.01;1.25;0.54
Pemanas AirKipas;99.87;4.49;1.56;1.16;1.19;0.61
Pemanas AirKipas;99.87;4.25;1.84;0.97;1.24;0.51
Kosong;0;0;0;0;0;0
Kosong;0;0;0;0;0;0
Kosong;0;0;0;0;0;0
Kosong;0;0;0;0;0;0
Pemanas AirKipas;0;0;0;0;0;0
Pemanas AirKipas;99.87;4.5;1.49;0.88;1.19;0.36
Pemanas AirKipas;99.86;4.37;1.85;1.19;1.04;0.48
Pemanas AirKipas;99.85;4.59;1.54;1.33;1.16;0.59
Pemanas AirKipas;99.87;4.4;1.64;1.05;0.83;0.84
Kosong;0;0;0;0;0;0
Kosong;0;0;0;0;0;0
Kosong;0;0;0;0;0;0
Kosong;0;0;0;0;0;0
Pemanas AirKipas;0;0;0;0;0;0
Pemanas AirKipas;99.87;4.26;1.39;1.3;1.06;0.55
Pemanas AirKipas;99.86;4.53;1.64;1.13;1.12;0.76
Pemanas AirKipas;99.85;4.62;1.6;1.29;1.35;0.68
Pemanas AirKipas;99.87;4.33;1.67;1.11;1.37;0.63
Kosong;0;0;0;0;0;0
Kosong;0;0;0;0;0;0
Kosong;0;0;0;0;0;0
Pemanas AirKipas;0;0;0;0;0;0
Pemanas AirKipas;99.86;4.47;1.79;1.18;1.37;0.75
Pemanas AirKipas;99.84;4.57;1.86;1.39;1.01;0.82
Pemanas AirKipas;99.87;4.41;1.76;1.01;1.3;0.44
Pemanas AirKipas;99.87;4.56;1.61;0.9;0.92;0.62
Pemanas AirKipas;99.86;4.5;1.6;1.2;1.34;0.5
Kosong;0;0;0;0;0;0
Kosong;0;0;0;0;0;0
Kosong;0;0;0;0;0;0
Kosong;0;0;0;0;0;0
Pemanas AirKipas;0;0;0;0;0;0
Pemanas AirKipas;99.87;4.42;1.6;1.17;1.05;0.6
Pemanas AirKipas;99.86;4.71;1.73;1.05;0.89;0.47
Pemanas AirKipas;99.86;4.58;1.6;1.33;1.25;0.47
Pemanas AirKipas;99.86;4.51;1.68;0.83;1.08;0.54
Pemanas AirKipas;99.86;4.59;1.62;1.25;1.3;0.82
Kosong;0;0;0;0;0;0
Kosong;0;0;0;0;0;0
Kosong;0;0;0;0;0;0
Kosong;0;0;0;0;0;0
Kosong;0;0;0;0;0;0
Kosong;0;0;0;0;0;0
Kosong;0;0;0;0;0;0
Kosong;0;0;0;0;0;0
Kosong;0;0;0;0;0;0
Kosong;0;0;0;0;0;0
Kosong;0;0;0;0;0;0
Kosong;0;0;0;0;0;0
Kosong;0;0;0;0;0;0
Kosong;0;0;0;0;0;0
Kosong;0;0;0;0;0;0
Kosong;0;0;0;0;0;0
Kosong;0;0;0;0;0;0
Kosong;0;0;0;0;0;0
Kosong;0;0;0;0;0;0
Kosong;0;0;0;0;0;0
Kosong;0;0;0;0;0;0
Kosong;0;0;0;0;0;0
Kosong;0;0;0;0;0;0
Kosong;0;0;0;0;0;0
Kosong;0;0;0;0;0;0
Kosong;0;0;0;0;0;0
Kosong;0;0;0;0;0;0
Kosong;0;0;0;0;0;0
Kosong;0;0;0;0;0;0
Kosong;0;0;0;0;0;0
Kosong;0;0;0;0;0;0
Kosong;0;0;0;0;0;0
Kosong;0;0;0;0;0;0
HairdryerBlenderKipas;0;0;0;0;0;0
HairdryerBlenderKipas;99.77;4.97;2.79;2.03;1.48;0.89
HairdryerBlenderKipas;99.83;4.81;2.52;1.31;1.41;0.59
HairdryerBlenderKipas;99.86;3.97;2.49;1.23;1.65;0.75
Kosong;0;0;0;0;0;0
Kosong;0;0;0;0;0;0
Kosong;0;0;0;0;0;0
Kosong;0;0;0;0;0;0
Kosong;0;0;0;0;0;0
HairdryerBlenderKipas;99.79;5.25;2.47;1.74;1.14;0.83
HairdryerBlenderKipas;99.81;4.91;2.39;1.66;1.18;0.46
HairdryerBlenderKipas;99.82;4.78;2.59;1.43;0.9;0.53
HairdryerBlenderKipas;99.8;5.03;2.6;1.04;1.59;0.57
Kosong;0;0;0;0;0;0
Kosong;0;0;0;0;0;0
Kosong;0;0;0;0;0;0
Kosong;0;0;0;0;0;0
HairdryerBlenderKipas;0;0;0;0;0;0
HairdryerBlenderKipas;99.83;4.7;2.52;1.39;1.25;0.6
HairdryerBlenderKipas;99.8;5.01;2.37;1.79;1.12;0.6
HairdryerBlenderKipas;99.82;4.79;2.84;1.21;1.39;0.56
HairdryerBlenderKipas;99.81;5.04;2.64;1.03;1.27;0.84
Kosong;0;0;0;0;0;0
Kosong;0;0;0;0;0;0
Kosong;0;0;0;0;0;0
Kosong;0;0;0;0;0;0
Kosong;0;0;0;0;0;0
HairdryerBlenderKipas;0;0;0;0;0.9;0.73
HairdryerBlenderKipas;99.76;5.47;2.76;1.69;1.05;0.75
HairdryerBlenderKipas;99.75;5.26;2.99;1.67;1.64;0.6
HairdryerBlenderKipas;99.82;4.9;2.87;1.19;1.23;0.49
HairdryerBlenderKipas;99.8;5.06;2.75;1.32;1.44;0.96
Kosong;0;0;0;0;0;0
Kosong;0;0;0;0;0;0
Kosong;0;0;0;0;0;0
Kosong;0;0;0;0;0;0
HairdryerBlenderKipas;0;0;0;0;0;0
HairdryerBlenderKipas;99.81;4.88;2.32;1.7;1.22;0.6
HairdryerBlenderKipas;99.81;5;2.86;1.24;1.27;0.7
HairdryerBlenderKipas;99.81;4.93;2.74;1.47;1.41;0.83
HairdryerBlenderKipas;99.82;4.75;2.82;1.61;0.94;0.74
Kosong;0;0;0;0;0;0
Kosong;0;0;0;0;0;0
Kosong;0;0;0;0;0;0
Kosong;0;0;0;0;0;0
Kosong;0;0;0;0;0;0
Kosong;0;0;0;0;0;0
Kosong;0;0;0;0;0;0
Kosong;0;0;0;0;0;0
Kosong;0;0;0;0;0;0
HairdryerBlenderPemanas Air;99.87;4.09;1.94;1.11;1.34;0.57
HairdryerBlenderPemanas Air;99.88;3.9;2.01;1.08;1.24;0.68
HairdryerBlenderPemanas Air;99.89;3.89;1.99;0.97;1.22;0.58
HairdryerBlenderPemanas Air;99.88;3.99;1.97;1.06;1.33;0.56
HairdryerBlenderPemanas Air;99.88;3.89;2;1.17;1.13;0.55
Kosong;0;0;0;0;0;0
Kosong;0;0;0;0;0;0
Kosong;0;0;0;0;0;0
Kosong;0;0;0;0;0;0
HairdryerBlenderPemanas Air;99.89;3.82;2.05;1.16;0.83;0.58
HairdryerBlenderPemanas Air;99.88;3.99;1.94;1.12;1.28;0.58
HairdryerBlenderPemanas Air;99.88;3.97;1.99;1.11;1.23;0.56
HairdryerBlenderPemanas Air;99.89;3.83;1.82;1.1;1.16;0.58
Kosong;0;0;0;0;0;0
Kosong;0;0;0;0;0;0
Kosong;0;0;0;0;0;0
Kosong;0;0;0;0;0;0
HairdryerBlenderPemanas Air;99.89;3.9;1.9;1.16;1.07;0.47
HairdryerBlenderPemanas Air;99.89;3.96;1.88;1;1.1;0.47
HairdryerBlenderPemanas Air;99.88;4.09;1.8;1.04;1.06;0.46
HairdryerBlenderPemanas Air;99.87;4.18;2.04;1.49;1.01;0.8
Kosong;0;0;0;0;0;0
Kosong;0;0;0;0;0;0
Kosong;0;0;0;0;0;0
Kosong;0;0;0;0;0;0
HairdryerBlenderPemanas Air;99.88;4.11;2.13;0.87;1.06;0.38
HairdryerBlenderPemanas Air;99.88;3.95;1.97;1.08;1.09;0.59
HairdryerBlenderPemanas Air;99.87;4.05;1.92;1.1;1.21;0.74
HairdryerBlenderPemanas Air;99.88;4;1.94;0.97;1.19;0.71
Kosong;0;0;0;0;0;0
Kosong;0;0;0;0;0;0
Kosong;0;0;0;0;0;0
Kosong;0;0;0;0;0;0
HairdryerBlenderPemanas Air;99.87;4.2;2.03;1.21;1.27;0.52
HairdryerBlenderPemanas Air;99.88;4.01;1.86;1.07;1.07;0.56
HairdryerBlenderPemanas Air;99.88;4.06;1.81;1.04;1.23;0.57
HairdryerBlenderPemanas Air;99.89;3.94;1.96;1.11;1.09;0.57
HairdryerBlenderPemanas Air;99.88;4.02;1.95;1.08;1.29;0.42
Kosong;0;0;0;0;0;0
Kosong;0;0;0;0;0;0
Kosong;0;0;0;0;0;0
Kosong;0;0;0;0;0;0
Kosong;0;0;0;0;0;0
Kosong;0;0;0;0;0;0
Kosong;0;0;0;0;0;0
Kosong;0;0;0;0;0;0
Kosong;0;0;0;0;0;0
Kosong;0;0;0;0;0;0
Kosong;0;0;0;0;0;0
Kosong;0;0;0;0;0;0
Kosong;0;0;0;0;0;0
Kosong;0;0;0;0;0;0
Kosong;0;0;0;0;0;0
Kosong;0;0;0;0;0;0
Kosong;0;0;0;0;0;0
Kosong;0;0;0;0;0;0
Kosong;0;0;0;0;0;0
Kosong;0;0;0;0;0;0
Kosong;0;0;0;0;0;0
Kosong;0;0;0;0;0;0
Kosong;0;0;0;0;0;0
BlenderPemanas AirKipas;0;0;0;0;0;0
BlenderPemanas AirKipas;99.88;4.06;1.95;1.2;1.29;0.44
BlenderPemanas AirKipas;99.87;4.13;1.94;1.18;1.27;0.62
BlenderPemanas AirKipas;99.88;4.05;1.96;1.24;1.4;0.46
BlenderPemanas AirKipas;99.87;4.14;1.92;1.19;1.3;0.37
Kosong;0;0;0;0;0;0
Kosong;0;0;0;0;0;0
Kosong;0;0;0;0;0;0
Kosong;0;0;0;0;0;0
BlenderPemanas AirKipas;0;0;0;0;0;0
BlenderPemanas AirKipas;99.88;4.08;1.93;1.05;1.27;0.5
BlenderPemanas AirKipas;99.87;4.1;1.85;1.23;1.33;0.53
BlenderPemanas AirKipas;99.88;4.09;1.86;1.01;1.35;0.46
BlenderPemanas AirKipas;99.88;4.07;1.83;1.02;1.19;0.45
Kosong;0;0;0;0;0;0
Kosong;0;0;0;0;0;0
Kosong;0;0;0;0;0;0
Kosong;0;0;0;0;0;0
Kosong;0;0;0;0;0;0
BlenderPemanas AirKipas;0;0;0;0;0;0
BlenderPemanas AirKipas;99.87;4.09;2.01;1.17;1.3;0.57
BlenderPemanas AirKipas;99.88;4.11;1.98;1.09;1.35;0.46
BlenderPemanas AirKipas;99.88;4.04;2.1;1.16;1.44;0.52
BlenderPemanas AirKipas;99.89;27.24;9.54;24.19;7.16;13.54
Kosong;0;0;0;0;0;0
Kosong;0;0;0;0;0;0
Kosong;0;0;0;0;0;0
Kosong;0;0;0;0;0;0
BlenderPemanas AirKipas;99.88;4.14;1.83;1.1;1.2;0.5
BlenderPemanas AirKipas;99.87;4.09;2;1.21;1.35;0.56
BlenderPemanas AirKipas;99.88;4.18;1.8;1.01;1;0.47
Kosong;0;0;0;0;0;0
Kosong;0;0;0;0;0;0
Kosong;0;0;0;0;0;0
Kosong;0;0;0;0;0;0
BlenderPemanas AirKipas;0;0;0;0;0;0
BlenderPemanas AirKipas;99.88;4.12;1.9;0.84;1.11;0.45
BlenderPemanas AirKipas;99.88;4.13;1.94;1.08;1.18;0
BlenderPemanas AirKipas;99.88;4.08;1.85;1;0.94;0.37
Kosong;0;0;0;0;0;0
Kosong;0;0;0;0;0;0
Kosong;0;0;0;0;0;0
Kosong;0;0;0;0;0;0
Kosong;0;0;0;0;0;0
Kosong;0;0;0;0;0;0
Kosong;0;0;0;0;0;0
Kosong;0;0;0;0;0;0
Kosong;0;0;0;0;0;0
Kosong;0;0;0;0;0;0
Kosong;0;0;0;0;0;0
Kosong;0;0;0;0;0;0
Kosong;0;0;0;0;0;0
Kosong;0;0;0;0;0;0
Kosong;0;0;0;0;0;0
Kosong;0;0;0;0;0;0
Kosong;0;0;0;0;0;0
Kosong;0;0;0;0;0;0
Kosong;0;0;0;0;0;0
Kosong;0;0;0;0;0;0
Kosong;0;0;0;0;0;0
Kosong;0;0;0;0;0;0
Kosong;0;0;0;0;0;0
Kosong;0;0;0;0;0;0
Kosong;0;0;0;0;0;0
Kosong;0;0;0;0;0;0
Kosong;0;0;0;0;0;0
Kosong;0;0;0;0;0;0
Kosong;0;0;0;0;0;0
Kosong;0;0;0;0;0;0
Kosong;0;0;0;0;0;0
Kosong;0;0;0;0;0;0
Kosong;0;0;0;0;0;0
Kosong;0;0;0;0;0;0
Kosong;0;0;0;0;0;0
Kosong;0;0;0;0;0;0
Kosong;0;0;0;0;0;0
Kosong;0;0;0;0;0;0
Kosong;0;0;0;0;0;0
Kosong;0;0;0;0;0;0
Kosong;0;0;0;0;0;0
Kosong;0;0;0;0;0;0
Kosong;0;0;0;0;0;0
Kosong;0;0;0;0;0;0
Pemanas AirKipasHairdryer;99.87;4.1;1.97;1.14;1.5;0.62
Pemanas AirKipasHairdryer;99.88;4.07;2.08;1.04;1.11;0.61
Pemanas AirKipasHairdryer;99.87;4.13;1.94;0.86;1.41;0.57
Kosong;0;0;0;0;0;0
Kosong;0;0;0;0;0;0
Kosong;0;0;0;0;0;0
Kosong;0;0;0;0;0;0
Kosong;0;0;0;0;0;0
Kosong;0;0;0;0;0;0
Kosong;0;0;0;0;0;0
Kosong;0;0;0;0;0;0
Pemanas AirKipasHairdryer;99.87;4.09;2.01;0.86;1.41;0.71
Pemanas AirKipasHairdryer;99.87;4.09;2.07;0.93;1.4;0.56
Pemanas AirKipasHairdryer;99.87;4.21;2.05;0.94;1.23;0.73
Pemanas AirKipasHairdryer;99.88;4.09;1.94;0.94;1.19;0.73
Pemanas AirKipasHairdryer;99.88;4.11;1.93;1.01;1.3;0.66
Pemanas AirKipasHairdryer;99.89;3.97;1.87;0.82;1.19;0.57
Pemanas AirKipasHairdryer;99.88;4.09;1.92;1.03;1.3;0.61
Kosong;0;0;0;0;0;0
Kosong;0;0;0;0;0;0
Kosong;0;0;0;0;0;0
Kosong;0;0;0;0;0;0
Kosong;0;0;0;0;0;0
Kosong;0;0;0;0;0;0
Pemanas AirKipasHairdryer;99.88;3.99;1.78;1.09;1.4;0.53
Pemanas AirKipasHairdryer;99.88;4.04;1.93;1.06;1.31;0.73
Pemanas AirKipasHairdryer;99.88;3.96;1.94;1.03;1.24;0.65
Pemanas AirKipasHairdryer;99.88;3.99;1.83;0.94;1.35;0.72
Pemanas AirKipasHairdryer;99.89;3.95;1.94;1.09;1.11;0.59
Pemanas AirKipasHairdryer;99.89;3.88;1.81;1.03;1.29;0.52
Pemanas AirKipasHairdryer;99.88;3.89;2.05;1.06;1.27;0.72
Kosong;0;0;0;0;0;0
Kosong;0;0;0;0;0;0
Kosong;0;0;0;0;0;0
Kosong;0;0;0;0;0;0
Kosong;0;0;0;0;0;0
Kosong;0;0;0;0;0;0
Kosong;0;0;0;0;0;0
Pemanas AirKipasHairdryer;0;0;0;0;0;0
Pemanas AirKipasHairdryer;99.87;4.05;1.91;1.19;1.13;0.53
Pemanas AirKipasHairdryer;99.88;4.01;1.99;1.01;1.31;0.66
Pemanas AirKipasHairdryer;99.87;4.28;1.92;1.16;1.27;0.58
Pemanas AirKipasHairdryer;99.87;4.19;2.03;1.14;1.2;0.63
Pemanas AirKipasHairdryer;99.87;4.19;1.94;1.08;1.29;0.77
Pemanas AirKipasHairdryer;99.88;3.89;2.02;0.98;1.27;0.77
Kosong;0;0;0;0;0;0
Kosong;0;0;0;0;0;0
Kosong;0;0;0;0;0;0
Kosong;0;0;0;0;0;0
Pemanas AirKipasHairdryer;0;0;0;0;0;0
Pemanas AirKipasHairdryer;99.88;3.88;2.07;1.07;1.23;0.5
Pemanas AirKipasHairdryer;99.88;3.95;1.92;1.03;1.26;0.59
Pemanas AirKipasHairdryer;99.87;4.14;2.07;1.1;1.22;0.68
Pemanas AirKipasHairdryer;99.88;4.03;1.94;1.08;1.25;0.69
Pemanas AirKipasHairdryer;99.88;4;1.98;1.09;1.25;0.55
Kosong;0;0;0;0;0;0
Kosong;0;0;0;0;0;0
Kosong;0;0;0;0;0;0
Kosong;0;0;0;0;0;0
Kosong;0;0;0;0;0;0
Kosong;0;0;0;0;0;0
Kosong;0;0;0;0;0;0
Kosong;0;0;0;0;0;0
Kosong;0;0;0;0;0;0
Kosong;0;0;0;0;0;0
Kosong;0;0;0;0;0;0
Kosong;0;0;0;0;0;0
Kosong;0;0;0;0;0;0
Kosong;0;0;0;0;0;0
Kosong;0;0;0;0;0;0
Kosong;0;0;0;0;0;0
Kosong;0;0;0;0;0;0
Kosong;0;0;0;0;0;0
Kosong;0;0;0;0;0;0
Kosong;0;0;0;0;0;0
Kosong;0;0;0;0;0;0
Kosong;0;0;0;0;0;0
KipasPemanas AirBlenderHairdryer;99.81;5.07;2.8;1.45;1.34;0.54
KipasPemanas AirBlenderHairdryer;99.88;4.14;2;1.08;1.14;0.51
KipasPemanas AirBlenderHairdryer;99.89;3.93;1.96;0.98;1.06;0.4
KipasPemanas AirBlenderHairdryer;99.87;4.14;2;1.09;1.18;0.61
KipasPemanas AirBlenderHairdryer;99.88;4.11;2.09;1.04;1.15;0.56
Kosong;0;0;0;0;0;0
Kosong;0;0;0;0;0;0
Kosong;0;0;0;0;0;0
Kosong;0;0;0;0;0;0
Kosong;0;0;0;0;0;0
Kosong;0;0;0;0;0;0
KipasPemanas AirBlenderHairdryer;99.87;4.23;2.01;1.15;1.04;0.5
KipasPemanas AirBlenderHairdryer;99.87;4.18;2.23;0.98;1.1;0.65
KipasPemanas AirBlenderHairdryer;99.87;4.15;1.96;0.98;1.23;0.57
KipasPemanas AirBlenderHairdryer;99.87;4.23;2.02;1.09;1.23;0.51
KipasPemanas AirBlenderHairdryer;99.87;4.06;2.09;1.17;1.24;0.73
KipasPemanas AirBlenderHairdryer;99.86;4.21;2.02;1.23;1.29;0.66
Kosong;0;0;0;0;0;0
Kosong;0;0;0;0;0;0
Kosong;0;0;0;0;0;0
Kosong;0;0;0;0;0;0
Kosong;0;0;0;0;0;0
KipasPemanas AirBlenderHairdryer;99.86;4.31;2.14;1.09;1.32;0.46
KipasPemanas AirBlenderHairdryer;99.87;4.12;2.04;1.01;1.18;0.65
KipasPemanas AirBlenderHairdryer;99.87;4.31;1.99;1.02;1.19;0.57
KipasPemanas AirBlenderHairdryer;99.87;4.17;2.03;1.06;1.26;0.6
Kosong;0;0;0;0;0;0
Kosong;0;0;0;0;0;0
Kosong;0;0;0;0;0;0
Kosong;0;0;0;0;0;0
KipasPemanas AirBlenderHairdryer;0;0;0;0;0;0
KipasPemanas AirBlenderHairdryer;99.87;4.27;2.09;1.09;1.23;0.57
KipasPemanas AirBlenderHairdryer;99.88;4.19;1.99;1.01;0.92;0.62
KipasPemanas AirBlenderHairdryer;99.87;4.23;1.93;1.13;1.26;0.58
KipasPemanas AirBlenderHairdryer;99.87;4.2;2.06;0.93;1.26;0.64
Kosong;0;0;0;0;0;0
Kosong;0;0;0;0;0;0
Kosong;0;0;0;0;0;0
Kosong;0;0;0;0;0;0
KipasPemanas AirBlenderHairdryer;99.89;3.84;1.8;1.09;1.11;0.58
KipasPemanas AirBlenderHairdryer;99.88;4.16;1.96;1.06;1.24;0.72
KipasPemanas AirBlenderHairdryer;99.87;4.21;2.04;1.07;1.22;0.64
KipasPemanas AirBlenderHairdryer;99.81;5.1;2.54;1.39;1.22;0.82
Kosong;0;0;0;0;0;0
